{"challengIoU": 26.577, "IoU": 26.577, "mcIoU": 16.598, "mIoU": 28.81, "cIoU_per_class": [21.331, 12.728, 21.781, 41.383, 10.26, 0.105, 8.599], "_timestamp": 1719934238.7175524, "_runtime": 1057.7971544265747, "_step": 6, "_wandb": {"runtime": 1099}}