{"Validation IoU": 28.566, "Validation Challenge IoU": 28.566, "mcIoU": 15.939, "mIoU": 29.069, "cIoU_class_0": 32.488, "cIoU_class_1": 8.188, "cIoU_class_2": 32.183, "cIoU_class_3": 33.129, "cIoU_class_4": 1.056, "cIoU_class_5": 0.604, "cIoU_class_6": 3.923, "_timestamp": 1720000584.8748205, "_runtime": 918.3217165470123, "_step": 2}